{
  "name": "seajs",
  "version": "3.0.0",
  "main": "./dist/sea.js",
  "ignore": [
    "**/.*",
    "docs",
    "lib",
    "src",
    "tests",
    "CNAME",
    "component.json",
    "CONTRIBUTING.md",
    "index.html",
    "Makefile",
    "package.json",
    "README.md"
  ],
  "homepage": "https://github.com/seajs/seajs",
  "_release": "3.0.0",
  "_resolution": {
    "type": "version",
    "tag": "3.0.0",
    "commit": "d323d7ee8df0e221129cc0e777bbf7cd4463550f"
  },
  "_source": "https://github.com/seajs/seajs.git",
  "_target": "3.0.0",
  "_originalSource": "seajs"
}