{
  "metadata": [
  ],
  "build": {
    "content": [
      {
        "files": [
          "docs/**.md",
          "docs/**/toc.yml",
          "toc.yml",
          "*.md"
        ]
      }
    ],
    "resource": [
      {
        "files": [
          "**/images/**"
        ]
      }
    ],
    "overwrite": [
      {
        "files": [
          "apidoc/**.md"
        ],
        "exclude": [
          "obj/**",
          "_site/**"
        ]
      }
    ],
    "dest": "_site",
    "globalMetadataFiles": [],
    "fileMetadataFiles": [],
    "template": [
      "default"
    ],
    "postProcessors": [],
    "markdownEngineName": "markdig",
    "noLangKeyword": false,
    "keepFileLink": false,
    "cleanupCacheHistory": false,
    "disableGitFeatures": false
  }
//  "pdf": {
//    "content": [
//      {
//        "files": [
//          "docs/**.md",
//          "docs/**/toc.yml",
//          "toc.yml",
//          "*.md"
//        ]
//      }
//    ],
//    "resource": [
//      {
//        "files": [
//          "**/images/**"
//        ],
//        "exclude": [
//          "**/bin/**",
//          "**/obj/**",
//          "_site_pdf/**"
//        ]
//      }
//    ],
//    "overwrite": [
//      {
//        "files": [
//          "apidoc/**.md"
//        ],
//        "exclude": [
//          "**/bin/**",
//          "**/obj/**",
//          "_site_pdf/**"
//        ]
//      }
//    ],
//    "dest": "_site_pdf"
//  }
}